{"cameraMode":{"drawMode":0,"name":"Shaded","section":"Shading Mode"},"sceneLighting":true,"audioPlay":false,"sceneViewState":{"m_AlwaysRefresh":false,"showFog":true,"showSkybox":false,"showFlares":true,"showImageEffects":true,"showParticleSystems":true,"showVisualEffectGraphs":true,"m_FxEnabled":true},"in2DMode":false,"pivot":{"x":16.25467300415039,"y":6.466132164001465,"z":-26.732179641723634},"rotation":{"x":0.027256404981017114,"y":0.7097616791725159,"z":-0.027473198249936105,"w":0.7034049034118652},"size":8.845982551574707,"orthographic":false}